{
    "swagger": "2.0",
    "info": {
        "version": "1.0",
        "title": "SDK-test"
    },
    "schemes": [
        "https"
    ],
    "consumes": [
        "application/json"
    ],
    "produces": [
        "application/json"
    ],
    "paths": {
        "/": {
            "get": {
                "description": "Default get resource for endpoint",
                "responses": {
                    "200": {
                        "description": "A successful invocation response"
                    }
                }
            },
            "post": {
                "description": "Default post resource for endpoint",
                "responses": {
                    "200": {
                        "description": "A successful invocation response"
                    }
                },
                "parameters": [
                    {
                        "name": "body",
                        "in": "body",
                        "description": "Request body",
                        "required": false,
                        "schema": {
                            "type": "object"
                        }
                    }
                ]
            },
            "put": {
                "description": "Default put resource for endpoint",
                "responses": {
                    "200": {
                        "description": "A successful invocation response"
                    }
                },
                "parameters": [
                    {
                        "name": "body",
                        "in": "body",
                        "description": "Request body",
                        "required": false,
                        "schema": {
                            "type": "object"
                        }
                    }
                ]
            },
            "delete": {
                "description": "Default delete resource for endpoint",
                "responses": {
                    "200": {
                        "description": "A successful invocation response"
                    }
                },
                "parameters": [
                    {
                        "name": "body",
                        "in": "body",
                        "description": "Request body",
                        "required": false,
                        "schema": {
                            "type": "object"
                        }
                    }
                ]
            },
            "patch": {
                "description": "Default patch resource for endpoint",
                "responses": {
                    "200": {
                        "description": "A successful invocation response"
                    }
                },
                "parameters": [
                    {
                        "name": "body",
                        "in": "body",
                        "description": "Request body",
                        "required": false,
                        "schema": {
                            "type": "object"
                        }
                    }
                ]
            },
            "head": {
                "description": "Default head resource for endpoint",
                "responses": {
                    "200": {
                        "description": "A successful invocation response"
                    }
                }
            },
            "options": {
                "description": "Default options resource for endpoint",
                "responses": {
                    "200": {
                        "description": "A successful invocation response"
                    }
                }
            }
        }
    },
    "x-ibm-configuration": {
        "assembly": {
            "execute": [
                {
                    "invoke": {
                        "target-url": "httpbin.org/get",
                        "verb": "keep",
                        "title": "invoke"
                    }
                }
            ]
        },
        "cors": {
            "enabled": true
        }
    },
    "basePath": "/SDK-test"
}